Barum;"BC 31";"Barum BC 31 275/70 R22.5 16R   ";Всесезонка;Грузовой;275;70;22.5;R;16;;;8;7385.38;7385.38;23;31.12.2015;"ЧП Снегов"
Barum;"BD 22";"Barum BD 22 315/70 R22.5 16R   ";Всесезонка;Грузовой;315;70;22.5;R;16;;;15;8517.21;8517.21;27;31.12.2015;"ЧП Снегов"
Barum;"BD 23";"Barum BD 23 215/75 R17.5 126/124M   ";Всесезонка;Грузовой;215;75;17.5;;126;;;4;3379;3712;169;04.01.2016;"Вито шина (ПП Пальонка В. В.)"
Barum;"BD 23";"Barum BD 23 215/75 R17.5 126/124M   ";Всесезонка;Грузовой;215;75;17.5;;126;;;12;3235;3235;237;04.01.2016;"ЧП Манойло (Два Cезона)"
Barum;"BD 23";"Barum BD 23 215/75 R17.5 12R   ";Всесезонка;Грузовой;215;75;17.5;R;12;;;30;3414.92;3414.92;5;31.12.2015;"ЧП Снегов"
Barum;"BD 23";"Barum BD 23 215/75 R17.5 126/124M   ";Всесезонка;Грузовой;215;75;17.5;;126;;;4;3315;3315;676;28.12.2015;"Express Trading LTD"
Barum;"BD 23";"Barum BD 23 215/75 R17.5 126/124M   ";Всесезонка;Грузовой;215;75;17.5;;126;;;2;3353.25;3353.25;736;04.01.2016;"ООО «Колесо-Центр»"
Barum;"BF 14";"Barum BF 14 215/75 R17.5 126/124M   ";Всесезонка;Грузовой;215;75;17.5;;126;;;2;3470.34;3643.8;896;04.01.2016;"ООО ""Шинная Компания"""
Barum;"BF 14";"Barum BF 14 215/75 R17.5 126/124M   ";Всесезонка;Грузовой;215;75;17.5;;126;;;2;3277;3558;170;04.01.2016;"Вито шина (ПП Пальонка В. В.)"
Barum;"BF 14";"Barum BF 14 215/75 R17.5 126/124M   ";Всесезонка;Грузовой;215;75;17.5;;126;;;12;3185;3185;236;04.01.2016;"ЧП Манойло (Два Cезона)"
Barum;"BF 14";"Barum BF 14 215/75 R17.5 12R   ";Всесезонка;Грузовой;215;75;17.5;R;12;;;30;3347.57;3347.57;7;31.12.2015;"ЧП Снегов"
Barum;"BF 14";"Barum BF 14 215/75 R17.5 126/124M   ";Всесезонка;Грузовой;215;75;17.5;;126;;;4;3162;3162;737;04.01.2016;"ООО «Колесо-Центр»"
Barum;"BF 14";"Barum BF 14 215/75 R17.5 126/124M   ";Всесезонка;Грузовой;215;75;17.5;;126;;;2;3264;3264;675;28.12.2015;"Express Trading LTD"
Barum;"BF 14";"Barum BF 14 235/75 R17.5 12R   ";Всесезонка;Грузовой;235;75;17.5;R;12;;;3;4639.98;4639.98;11;31.12.2015;"ЧП Снегов"
Barum;"BF 15";"Barum BF 15 265/70 R19.5 16R   ";Всесезонка;Грузовой;265;70;19.5;R;16;;;8;4861.69;4861.69;17;31.12.2015;"ЧП Снегов"
Barum;"BF 15";"Barum BF 15 295/80 R22.5 16R   ";Всесезонка;Грузовой;295;80;22.5;R;16;;;9;8140.89;8140.89;25;31.12.2015;"ЧП Снегов"
Barum;"BF 15";"Barum BF 15 315/70 R22.5 16R   ";Всесезонка;Грузовой;315;70;22.5;R;16;;;13;8367.77;8367.77;29;31.12.2015;"ЧП Снегов"
Barum;"Bravuris 2";"Barum Bravuris 2 195/60 R15 88H   ";Лето;Легковой/4x4;195;60;15;H;88;;;10;1034.7;1034.7;2393;31.12.2015;"ЧП Снегов"
Barum;"Bravuris 2";"Barum Bravuris 2 195/60 R15 88V   ";Лето;Легковой/4x4;195;60;15;V;88;;;2;1123.54;1123.54;2394;31.12.2015;"ЧП Снегов"
Barum;"Bravuris 2";"Barum Bravuris 2 205/45 R17 88W XL  ";Лето;Легковой/4x4;205;45;17;W;88;;;4;1653.52;1785.82;435;28.12.2015;Элит
Barum;"Bravuris 2";"Barum Bravuris 2 205/60 R15 91H   ";Лето;Легковой/4x4;205;60;15;H;91;;;3;1212.73;1273.36;1067;04.01.2016;"ООО ""Шинная Компания"""
Barum;"Bravuris 2";"Barum Bravuris 2 205/60 R15 91H   ";Лето;Легковой/4x4;205;60;15;H;91;;;2;1150.22;1150.22;2397;31.12.2015;"ЧП Снегов"
Barum;"Bravuris 2";"Barum Bravuris 2 205/60 R16 92V   ";Лето;Легковой/4x4;205;60;16;V;92;;;4;1536;1741;156;04.01.2016;"Вито шина (ПП Пальонка В. В.)"
Barum;"Bravuris 2";"Barum Bravuris 2 205/60 R16 92H   ";Лето;Легковой/4x4;205;60;16;H;92;;;4;1418.03;1418.03;2402;31.12.2015;"ЧП Снегов"
Barum;"Bravuris 2";"Barum Bravuris 2 205/60 R16 92V   ";Лето;Легковой/4x4;205;60;16;V;92;;;19;1568.24;1568.24;2403;31.12.2015;"ЧП Снегов"
Barum;"Bravuris 2";"Barum Bravuris 2 205/65 R15 94H   ";Лето;Легковой/4x4;205;65;15;H;94;;;3;1195.29;1195.29;2398;31.12.2015;"ЧП Снегов"
Barum;"Bravuris 2";"Barum Bravuris 2 215/45 R17 91W XL  ";Лето;Легковой/4x4;215;45;17;W;91;;;5;1407;1520;438;28.12.2015;Элит
Barum;"Bravuris 2";"Barum Bravuris 2 215/50 R17 91W   ";Лето;Легковой/4x4;215;50;17;W;91;;;1;1517;1638;444;28.12.2015;Элит
Barum;"Bravuris 2";"Barum Bravuris 2 215/55 R16 93H   ";Лето;Легковой/4x4;215;55;16;H;93;;;2;1622.02;1751.85;407;28.12.2015;Элит
Barum;"Bravuris 2";"Barum Bravuris 2 215/60 R15 94H   ";Лето;Легковой/4x4;215;60;15;H;94;;;1;1447.29;1447.29;2399;31.12.2015;"ЧП Снегов"
Barum;"Bravuris 2";"Barum Bravuris 2 225/45 R18 91Y FR  ";Лето;Легковой/4x4;225;45;18;Y;91;;;1;2395.23;2395.23;2420;31.12.2015;"ЧП Снегов"
Barum;"Bravuris 2";"Barum Bravuris 2 225/55 R16 95V   ";Лето;Легковой/4x4;225;55;16;V;95;;;1;1548;1672.65;417;28.12.2015;Элит
Barum;"Bravuris 2";"Barum Bravuris 2 225/55 R17 101W   ";Лето;Легковой/4x4;225;55;17;W;101;;;5;3295.5;3295.5;35;28.12.2015;Tiresworld
Barum;"Bravuris 2";"Barum Bravuris 2 235/40 R17 90W FR  ";Лето;Легковой/4x4;235;40;17;W;90;;;2;1878.01;1878.01;2413;31.12.2015;"ЧП Снегов"
Barum;"Bravuris 2";"Barum Bravuris 2 235/45 R17 94W   ";Лето;Легковой/4x4;235;45;17;W;94;;;4;1729;1729;1266;28.12.2015;"ООО ""Шинные технологии"""
Barum;"Bravuris 2";"Barum Bravuris 2 245/40 R18 97Y XL  ";Лето;Легковой/4x4;245;40;18;Y;97;;;3;2346.8;2346.8;2422;31.12.2015;"ЧП Снегов"
Barum;Bravuris;"Barum Bravuris 215/60 R17 96H   ";Лето;Легковой/4x4;215;60;17;H;96;;;4;2056;2056;165;04.01.2016;"WESTSHYNA +"
Barum;Bravuris;"Barum Bravuris 225/60 R16 98W   ";Лето;Легковой/4x4;225;60;16;W;98;;;4;2061.73;2164.36;1141;04.01.2016;"ООО ""Шинная Компания"""
Barum;"Bravuris 3";"Barum Bravuris 3 185/55 R14 80H   ";Лето;Легковой/4x4;185;55;14;H;80;;;3;1083.4;1083.4;2386;31.12.2015;"ЧП Снегов"
Barum;"Bravuris 3";"Barum Bravuris 3 185/55 R15 82V   ";Лето;Легковой/4x4;185;55;15;V;82;;;2;1099.82;1154.91;1000;04.01.2016;"ООО ""Шинная Компания"""
Barum;"Bravuris 3";"Barum Bravuris 3 185/55 R15 82H   ";Лето;Легковой/4x4;185;55;15;H;82;;;2;1094.79;1094.79;2389;31.12.2015;"ЧП Снегов"
Barum;"Bravuris 3";"Barum Bravuris 3 195/45 R15 78V FR  ";Лето;Легковой/4x4;195;45;15;V;78;;;2;1132.87;1132.87;2391;31.12.2015;"ЧП Снегов"
Barum;"Bravuris 3";"Barum Bravuris 3 195/50 R15 82V   ";Лето;Легковой/4x4;195;50;15;V;82;;;4;918.9;964.45;1027;04.01.2016;"ООО ""Шинная Компания"""
Barum;"Bravuris 3";"Barum Bravuris 3 195/50 R15 82V   ";Лето;Легковой/4x4;195;50;15;V;82;;;1;874.125;874.125;2392;31.12.2015;"ЧП Снегов"
Barum;"Bravuris 3";"Barum Bravuris 3 195/55 R16 87V   ";Лето;Легковой/4x4;195;55;16;V;87;;;3;1350.69;1350.69;2400;31.12.2015;"ЧП Снегов"
Barum;"Bravuris 3";"Barum Bravuris 3 205/40 R17 84Y XL  ";Лето;Легковой/4x4;205;40;17;Y;84;;;26;1537.17;1537.17;2407;31.12.2015;"ЧП Снегов"
Barum;"Bravuris 3";"Barum Bravuris 3 205/45 R17 88Y XL  ";Лето;Легковой/4x4;205;45;17;Y;88;;;1;1855.22;1855.22;2408;31.12.2015;"ЧП Снегов"
Barum;"Bravuris 3";"Barum Bravuris 3 205/50 R16 87V   ";Лето;Легковой/4x4;205;50;16;V;87;;;2;1490.55;1490.55;2401;31.12.2015;"ЧП Снегов"
Barum;"Bravuris 3";"Barum Bravuris 3 205/55 R16 91H   ";Лето;Легковой/4x4;205;55;16;H;91;;;2;47;47;105;04.01.2016;"ЧП Карпов"
Barum;"Bravuris 3";"Barum Bravuris 3 205/55 R16 91V   ";Лето;Легковой/4x4;205;55;16;V;91;;;1;1179.18;1238.09;1060;04.01.2016;"ООО ""Шинная Компания"""
Barum;"Bravuris 3";"Barum Bravuris 3 205/55 R16 91V   ";Лето;Легковой/4x4;205;55;16;V;91;;;6;1190;1295;430;04.01.2016;"ООО ""МТС"""
Barum;"Bravuris 3";"Barum Bravuris 3 205/55 R16 91V   ";Лето;Легковой/4x4;205;55;16;V;91;;;2;1207;1207;136;04.01.2016;"WESTSHYNA +"
Barum;"Bravuris 3";"Barum Bravuris 3 215/45 R17 49/13   ";Лето;Легковой/4x4;215;45;17;;49;;;4;1923;1923;338;29.12.2015;"ЧП Бардась"
Barum;"Bravuris 3";"Barum Bravuris 3 215/45 R17 87V   ";Лето;Легковой/4x4;215;45;17;V;87;;;2;1400;1400;131;04.01.2016;БФ-Шина
Barum;"Bravuris 3";"Barum Bravuris 3 215/45 R17 87V   ";Лето;Легковой/4x4;215;45;17;V;87;;;6;1591.09;1671.55;1089;04.01.2016;"ООО ""Шинная Компания"""
Barum;"Bravuris 3";"Barum Bravuris 3 215/45 R17 91Y XL  ";Лето;Легковой/4x4;215;45;17;Y;91;;;16;1531.98;1531.98;2409;31.12.2015;"ЧП Снегов"
Barum;"Bravuris 3";"Barum Bravuris 3 215/50 R17 13/15   ";Лето;Легковой/4x4;215;50;17;;13;;;4;1948;1948;339;29.12.2015;"ЧП Бардась"
Barum;"Bravuris 3";"Barum Bravuris 3 215/55 R16 93V   ";Лето;Легковой/4x4;215;55;16;V;93;;;2;1702.41;1702.41;2404;31.12.2015;"ЧП Снегов"
Barum;"Bravuris 3";"Barum Bravuris 3 215/55 R17 94Y FR  ";Лето;Легковой/4x4;215;55;17;Y;94;;;5;1924.11;1924.11;2410;31.12.2015;"ЧП Снегов"
Barum;"Bravuris 3";"Barum Bravuris 3 225/40 R18 92Y XL  ";Лето;Легковой/4x4;225;40;18;Y;92;;;1;1692.56;1692.56;2419;31.12.2015;"ЧП Снегов"
Barum;"Bravuris 3";"Barum Bravuris 3 225/45 R17 91Y   ";Лето;Легковой/4x4;225;45;17;Y;91;;;2;1581;1581;693;04.01.2016;"ООО «Колесо-Центр»"
Barum;"Bravuris 3";"Barum Bravuris 3 225/45 R17 94Y XL  ";Лето;Легковой/4x4;225;45;17;Y;94;;;1;1601.92;1601.92;2411;31.12.2015;"ЧП Снегов"
Barum;"Bravuris 3";"Barum Bravuris 3 225/45 R17 91Y FR  ";Лето;Легковой/4x4;225;45;17;Y;91;;;1;1516.7;1516.7;2412;31.12.2015;"ЧП Снегов"
Barum;"Bravuris 3";"Barum Bravuris 3 225/45 R18 95Y XL  ";Лето;Легковой/4x4;225;45;18;Y;95;;;1;2164.72;2164.72;2421;31.12.2015;"ЧП Снегов"
Barum;"Bravuris 3";"Barum Bravuris 3 225/50 R16 92Y   ";Лето;Легковой/4x4;225;50;16;Y;92;;;3;1674.44;1674.44;2405;31.12.2015;"ЧП Снегов"
Barum;"Bravuris 3";"Barum Bravuris 3 225/55 R16 95V   ";Лето;Легковой/4x4;225;55;16;V;95;;;1;1811.7;1811.7;2406;31.12.2015;"ЧП Снегов"
Barum;"Bravuris 3";"Barum Bravuris 3 235/35 R19 91Y XL  ";Лето;Легковой/4x4;235;35;19;Y;91;;;1;2456.61;2456.61;2426;31.12.2015;"ЧП Снегов"
Barum;"Bravuris 3";"Barum Bravuris 3 235/45 R17  XL  ";Лето;Легковой/4x4;235;45;17;;;;;3;765;765;116;31.12.2015;"ООО ""Склад Колес"" (ПП Прокопенко)"
Barum;"Bravuris 3";"Barum Bravuris 3 235/45 R17 97Y XL  ";Лето;Легковой/4x4;235;45;17;Y;97;;;3;1766.9;1766.9;2415;31.12.2015;"ЧП Снегов"
Barum;"Bravuris 3";"Barum Bravuris 3 235/45 R17 94Y FR  ";Лето;Легковой/4x4;235;45;17;Y;94;;;2;1660.97;1660.97;2414;31.12.2015;"ЧП Снегов"
Barum;"Bravuris 3";"Barum Bravuris 3 235/45 R18 98Y XL  ";Лето;Легковой/4x4;235;45;18;Y;98;;;4;2426.27;2547.64;1167;04.01.2016;"ООО ""Шинная Компания"""
Barum;"Bravuris 3";"Barum Bravuris 3 235/55 R17 103Y XL  ";Лето;Легковой/4x4;235;55;17;Y;103;;;2;2450.14;2450.14;2416;31.12.2015;"ЧП Снегов"
Barum;"Bravuris 3";"Barum Bravuris 3 245/40 R17 91Y FR  ";Лето;Легковой/4x4;245;40;17;Y;91;;;3;1923.07;1923.07;2417;31.12.2015;"ЧП Снегов"
Barum;"Bravuris 3";"Barum Bravuris 3 245/40 R18 97Y XL  ";Лето;Легковой/4x4;245;40;18;Y;97;;;10;2340.06;2340.06;2423;31.12.2015;"ЧП Снегов"
Barum;"Bravuris 3";"Barum Bravuris 3 245/40 R18 93Y FR  ";Лето;Легковой/4x4;245;40;18;Y;93;;;2;2216.78;2216.78;2424;31.12.2015;"ЧП Снегов"
Barum;"Bravuris 3";"Barum Bravuris 3 245/45 R17 99Y XL  ";Лето;Легковой/4x4;245;45;17;Y;99;;;1;2122.5;2122.5;2418;31.12.2015;"ЧП Снегов"
Barum;"Bravuris 3";"Barum Bravuris 3 245/45 ZR18 96Y   ";Лето;Легковой/4x4;245;45;18;Y;96;;;4;2367;2367;214;04.01.2016;Z-Shina
Barum;"Bravuris 3";"Barum Bravuris 3 245/45 R18 96Y FR  ";Лето;Легковой/4x4;245;45;18;Y;96;;;1;2217.82;2217.82;2425;31.12.2015;"ЧП Снегов"
Barum;"Bravuris 3";"Barum Bravuris 3 255/40 R19 100Y XL  ";Лето;Легковой/4x4;255;40;19;Y;100;;;1;2894.32;2894.32;2427;31.12.2015;"ЧП Снегов"
Barum;"Bravuris 4x4";"Barum Bravuris 4x4 205/70 R15 96T   ";Лето;Легковой/4x4;205;70;15;T;96;;;2;1398;1536;149;04.01.2016;"Вито шина (ПП Пальонка В. В.)"
Barum;"Bravuris 4x4";"Barum Bravuris 4x4 205/80 R16 104T   ";Лето;Легковой/4x4;205;80;16;T;104;;;4;1517.27;1593.64;1088;04.01.2016;"ООО ""Шинная Компания"""
Barum;"Bravuris 4x4";"Barum Bravuris 4x4 215/60 R17 96H FR  ";Лето;Легковой/4x4;215;60;17;H;96;;;7;2000.26;2000.26;2430;31.12.2015;"ЧП Снегов"
Barum;"Bravuris 4x4";"Barum Bravuris 4x4 215/70 R16 100H   ";Лето;Легковой/4x4;215;70;16;H;100;;;6;1867.18;1960.09;1114;04.01.2016;"ООО ""Шинная Компания"""
Barum;"Bravuris 4x4";"Barum Bravuris 4x4 215/70 R16 100H   ";Лето;Легковой/4x4;215;70;16;H;100;;;15;1801.34;1801.34;2428;31.12.2015;"ЧП Снегов"
Barum;"Bravuris 4x4";"Barum Bravuris 4x4 235/55 R17 103V   ";Лето;Легковой/4x4;235;55;17;V;103;;;4;2431.82;2553.91;1173;04.01.2016;"ООО ""Шинная Компания"""
Barum;"Bravuris 4x4";"Barum Bravuris 4x4 235/55 R17 06/15   ";Лето;Легковой/4x4;235;55;17;;06;;;4;2404;2404;351;29.12.2015;"ЧП Бардась"
Barum;"Bravuris 4x4";"Barum Bravuris 4x4 235/55 R17 103V XL  ";Лето;Легковой/4x4;235;55;17;V;103;;;4;2363.38;2363.38;2431;31.12.2015;"ЧП Снегов"
Barum;"Bravuris 4x4";"Barum Bravuris 4x4 235/60 R18 107V XL  ";Лето;Легковой/4x4;235;60;18;V;107;;;4;2573.17;2573.17;2433;31.12.2015;"ЧП Снегов"
Barum;"Bravuris 4x4";"Barum Bravuris 4x4 235/65 R17 108V XL  ";Лето;Легковой/4x4;235;65;17;V;108;;;4;2146.55;2253.27;1193;04.01.2016;"ООО ""Шинная Компания"""
Barum;"Bravuris 4x4";"Barum Bravuris 4x4 235/65 R17 108V XL  ";Лето;Легковой/4x4;235;65;17;V;108;;;5;2086.25;2086.25;2432;31.12.2015;"ЧП Снегов"
Barum;"Bravuris 4x4";"Barum Bravuris 4x4 235/70 R16 106H   ";Лето;Легковой/4x4;235;70;16;H;106;;;8;1941.73;2038.36;1199;04.01.2016;"ООО ""Шинная Компания"""
Barum;"Bravuris 4x4";"Barum Bravuris 4x4 235/70 R16 106H   ";Лето;Легковой/4x4;235;70;16;H;106;;;1;1886.81;1886.81;2429;31.12.2015;"ЧП Снегов"
Barum;"Bravuris 4x4";"Barum Bravuris 4x4 235/75 R15 109T   ";Лето;Легковой/4x4;235;75;15;T;109;;;8;1896.64;1991.82;1203;04.01.2016;"ООО ""Шинная Компания"""
Barum;"Bravuris 4x4";"Barum Bravuris 4x4 235/75 R15 109T XL  ";Лето;Легковой/4x4;235;75;15;T;109;;;4;1648.35;1780;385;28.12.2015;Элит
Barum;"Bravuris 4x4";"Barum Bravuris 4x4 265/70 R15 112H   ";Лето;Легковой/4x4;265;70;15;H;112;;;4;2100.36;2205.18;1239;04.01.2016;"ООО ""Шинная Компания"""
Barum;"Bravuris 4x4";"Barum Bravuris 4x4 265/70 R15 112H   ";Лето;Легковой/4x4;265;70;15;H;112;;;4;2091;2091;632;04.01.2016;"ООО «Колесо-Центр»"
Barum;"Bravuris 4x4";"Barum Bravuris 4x4 265/70 R16 112H   ";Лето;Легковой/4x4;265;70;16;H;112;;;7;2298.09;2413.55;1240;04.01.2016;"ООО ""Шинная Компания"""
Barum;"Bravuris 4x4";"Barum Bravuris 4x4 265/70 R16 09/14   ";Лето;Легковой/4x4;265;70;16;;09;;;4;2226;2226;281;29.12.2015;"ЧП Бардась"
Barum;"Bravuris 4x4";"Barum Bravuris 4x4 265/70 R16 112H   ";Лето;Легковой/4x4;265;70;16;H;112;;;4;2269;2269;679;04.01.2016;"ООО «Колесо-Центр»"
Barum;Brillantis;"Barum Brillantis 165/65 R14 79T   ";Лето;Легковой/4x4;165;65;14;T;79;;;4;1020;1020;1;28.12.2015;"TopGum Market (ФЛП Грегура В.Й.)"
Barum;Brillantis;"Barum Brillantis 165/70 R13 79T   ";Лето;Легковой/4x4;165;70;13;T;79;;;1;20;20;9;04.01.2016;"ЧП Демьяненко"
Barum;"Brillantis 2";"Barum Brillantis 2 135/80 R13 70T   ";Лето;Легковой/4x4;135;80;13;T;70;;;88;571.095;571.095;2371;31.12.2015;"ЧП Снегов"
Barum;"Brillantis 2";"Barum Brillantis 2 145/70 R13 71T   ";Лето;Легковой/4x4;145;70;13;T;71;;;5;596.54;625.27;965;04.01.2016;"ООО ""Шинная Компания"""
Barum;"Brillantis 2";"Barum Brillantis 2 145/70 R13 71T   ";Лето;Легковой/4x4;145;70;13;T;71;;;1;596.995;596.995;2372;31.12.2015;"ЧП Снегов"
Barum;"Brillantis 2";"Barum Brillantis 2 145/70 R13 12р   ";Лето;Легковой/4x4;145;70;13;р;12;;;4;601;601;89;04.01.2016;Шипшина
Barum;"Brillantis 2";"Barum Brillantis 2 145/70 R13 71T   ";Лето;Легковой/4x4;145;70;13;T;71;;;8;559;604.57;281;28.12.2015;Элит
Barum;"Brillantis 2";"Barum Brillantis 2 145/80 R13 75T   ";Лето;Легковой/4x4;145;80;13;T;75;;;1;659.155;659.155;2373;31.12.2015;"ЧП Снегов"
Barum;"Brillantis 2";"Barum Brillantis 2 145/80 R13 14р   ";Лето;Легковой/4x4;145;80;13;р;14;;;4;712;712;94;04.01.2016;Шипшина
Barum;"Brillantis 2";"Barum Brillantis 2 155/65 R13 73Т   ";Лето;Легковой/4x4;155;65;13;Т;73;;;2;26;26;96;04.01.2016;"ЧП Карпов"
Barum;"Brillantis 2";"Barum Brillantis 2 155/65 R13 73T   ";Лето;Легковой/4x4;155;65;13;T;73;;;1;698.005;698.005;2374;31.12.2015;"ЧП Снегов"
Barum;"Brillantis 2";"Barum Brillantis 2 155/65 R14 75T   ";Лето;Легковой/4x4;155;65;14;T;75;;;4;573;573;190;30.12.2015;"Интершина Харьков"
Barum;"Brillantis 2";"Barum Brillantis 2 155/65 R14 14р   ";Лето;Легковой/4x4;155;65;14;р;14;;;4;711;711;125;04.01.2016;Шипшина
Barum;"Brillantis 2";"Barum Brillantis 2 155/65 R14 75T   ";Лето;Легковой/4x4;155;65;14;T;75;;;3;572;572;1055;28.12.2015;"ООО ""Шинные технологии"""
Barum;"Brillantis 2";"Barum Brillantis 2 155/70 R13 75T   ";Лето;Легковой/4x4;155;70;13;T;75;;;8;570;570;71;04.01.2016;"ЧП Манойло (Два Cезона)"
Barum;"Brillantis 2";"Barum Brillantis 2 155/70 R13 75T   ";Лето;Легковой/4x4;155;70;13;T;75;;;3;584.045;584.045;2375;31.12.2015;"ЧП Снегов"
Barum;"Brillantis 2";"Barum Brillantis 2 155/70 R13 15р   ";Лето;Легковой/4x4;155;70;13;р;15;;;1;617;617;161;04.01.2016;Шипшина
Barum;"Brillantis 2";"Barum Brillantis 2 155/70 R13 75T   ";Лето;Легковой/4x4;155;70;13;T;75;;;4;614.55;614.55;515;04.01.2016;"ООО «Колесо-Центр»"
Barum;"Brillantis 2";"Barum Brillantis 2 155/80 R13 79T   ";Лето;Легковой/4x4;155;80;13;T;79;;;2;690.75;725.06;971;04.01.2016;"ООО ""Шинная Компания"""
Barum;"Brillantis 2";"Barum Brillantis 2 155/80 R13 79T   ";Лето;Легковой/4x4;155;80;13;T;79;;;2;700;700;956;04.01.2016;TireShop
Barum;"Brillantis 2";"Barum Brillantis 2 165/60 R14 75T   ";Лето;Легковой/4x4;165;60;14;T;75;;;16;912.975;912.975;2379;31.12.2015;"ЧП Снегов"
Barum;"Brillantis 2";"Barum Brillantis 2 165/65 R13 77T   ";Лето;Легковой/4x4;165;65;13;T;77;;;100;720.02;720.02;2376;31.12.2015;"ЧП Снегов"
Barum;"Brillantis 2";"Barum Brillantis 2 165/65 R14 79T   ";Лето;Легковой/4x4;165;65;14;T;79;;;4;713.54;748.27;972;04.01.2016;"ООО ""Шинная Компания"""
Barum;"Brillantis 2";"Barum Brillantis 2 165/65 R14 79T   ";Лето;Легковой/4x4;165;65;14;T;79;;;1;717.171;717.171;2380;31.12.2015;"ЧП Снегов"
Barum;"Brillantis 2";"Barum Brillantis 2 165/65 R14 79T   ";Лето;Легковой/4x4;165;65;14;T;79;;;4;671;671;191;30.12.2015;"Интершина Харьков"
Barum;"Brillantis 2";"Barum Brillantis 2 165/65 R15 81T   ";Лето;Легковой/4x4;165;65;15;T;81;;;9;962.185;962.185;2388;31.12.2015;"ЧП Снегов"
Barum;"Brillantis 2";"Barum Brillantis 2 165/65 R15 81T   ";Лето;Легковой/4x4;165;65;15;T;81;;;4;1542;1542;1115;28.12.2015;"ООО ""Шинные технологии"""
Barum;"Brillantis 2";"Barum Brillantis 2 165/70 R13 79T   ";Лето;Легковой/4x4;165;70;13;T;79;;;4;685;685;76;04.01.2016;"ЧП Манойло (Два Cезона)"
Barum;"Brillantis 2";"Barum Brillantis 2 165/70 R14 81T   ";Лето;Легковой/4x4;165;70;14;T;81;;;4;745;745;82;04.01.2016;"ЧП Манойло (Два Cезона)"
Barum;"Brillantis 2";"Barum Brillantis 2 165/70 R14 81T   ";Лето;Легковой/4x4;165;70;14;T;81;;;2;742.035;742.035;2381;31.12.2015;"ЧП Снегов"
Barum;"Brillantis 2";"Barum Brillantis 2 165/70 R14 81T   ";Лето;Легковой/4x4;165;70;14;T;81;;;4;765;765;545;04.01.2016;"ООО «Колесо-Центр»"
Barum;"Brillantis 2";"Barum Brillantis 2 165/70 R14 85T XL  ";Лето;Легковой/4x4;165;70;14;T;85;;;4;835.793;835.793;2382;31.12.2015;"ЧП Снегов"
Barum;"Brillantis 2";"Barum Brillantis 2 175/60 R14 79H   ";Лето;Легковой/4x4;175;60;14;H;79;;;1;1029.53;1029.53;2383;31.12.2015;"ЧП Снегов"
Barum;"Brillantis 2";"Barum Brillantis 2 175/65 R13 80T   ";Лето;Легковой/4x4;175;65;13;T;80;;;11;840.455;840.455;2377;31.12.2015;"ЧП Снегов"
Barum;"Brillantis 2";"Barum Brillantis 2 175/65 R14 82T   ";Лето;Легковой/4x4;175;65;14;T;82;;;7;786;810;169;04.01.2016;"ООО ""МТС"""
Barum;"Brillantis 2";"Barum Brillantis 2 175/65 R14 82T   ";Лето;Легковой/4x4;175;65;14;T;82;;;1;753;845;129;04.01.2016;"Вито шина (ПП Пальонка В. В.)"
Barum;"Brillantis 2";"Barum Brillantis 2 175/65 R14 86T XL  ";Лето;Легковой/4x4;175;65;14;T;86;;;3;901.579;901.579;2384;31.12.2015;"ЧП Снегов"
Barum;"Brillantis 2";"Barum Brillantis 2 175/70 R13 82T   ";Лето;Легковой/4x4;175;70;13;T;82;;;4;714;714;527;04.01.2016;"ООО «Колесо-Центр»"
Barum;"Brillantis 2";"Barum Brillantis 2 175/70 R14 84T   ";Лето;Легковой/4x4;175;70;14;T;84;;;1;871.535;871.535;2385;31.12.2015;"ЧП Снегов"
Barum;"Brillantis 2";"Barum Brillantis 2 175/80 R14 15р   ";Лето;Легковой/4x4;175;80;14;р;15;;;1;820;820;772;04.01.2016;Шипшина
Barum;"Brillantis 2";"Barum Brillantis 2 185/60 R13 80H   ";Лето;Легковой/4x4;185;60;13;H;80;;;17;876.715;876.715;2378;31.12.2015;"ЧП Снегов"
Barum;"Brillantis 2";"Barum Brillantis 2 185/60 R13 80H   ";Лето;Легковой/4x4;185;60;13;H;80;;;1;559;604.57;302;28.12.2015;Элит
Barum;"Brillantis 2";"Barum Brillantis 2 185/60 R14 82T   ";Лето;Легковой/4x4;185;60;14;T;82;;;8;831;856;179;04.01.2016;"ООО ""МТС"""
Barum;"Brillantis 2";"Barum Brillantis 2 185/60 R14 15р   ";Лето;Легковой/4x4;185;60;14;р;15;;;1;858;858;851;04.01.2016;Шипшина
Barum;"Brillantis 2";"Barum Brillantis 2 185/60 R15 84H   ";Лето;Легковой/4x4;185;60;15;H;84;;;10;1061.36;1114.18;1008;04.01.2016;"ООО ""Шинная Компания"""
Barum;"Brillantis 2";"Barum Brillantis 2 185/60 R15    ";Лето;Легковой/4x4;185;60;15;;;;;2;1029;1029;36;29.12.2015;ТОП-СЕРВИС
Barum;"Brillantis 2";"Barum Brillantis 2 185/60 R15 84H   ";Лето;Легковой/4x4;185;60;15;H;84;;;7;1081.32;1081.32;2390;31.12.2015;"ЧП Снегов"
Barum;"Brillantis 2";"Barum Brillantis 2 185/60 R15 84H   ";Лето;Легковой/4x4;185;60;15;H;84;;;2;931;1005.97;353;28.12.2015;Элит
Barum;"Brillantis 2";"Barum Brillantis 2 185/60 R15 84H   ";Лето;Легковой/4x4;185;60;15;H;84;;;2;1037;1037;1124;28.12.2015;"ООО ""Шинные технологии"""
Barum;"Brillantis 2";"Barum Brillantis 2 185/65 R14 86T   ";Лето;Легковой/4x4;185;65;14;T;86;;;4;833;858;189;04.01.2016;"ООО ""МТС"""
Barum;"Brillantis 2";"Barum Brillantis 2 185/65 R14 86T   ";Лето;Легковой/4x4;185;65;14;T;86;;;4;785;785;571;04.01.2016;"ООО «Колесо-Центр»"
Barum;"Brillantis 2";"Barum Brillantis 2 185/65 R15 88T   ";Лето;Легковой/4x4;185;65;15;T;88;;;4;884.85;884.85;598;04.01.2016;"ООО «Колесо-Центр»"
Barum;"Brillantis 2";"Barum Brillantis 2 185/70 R14 88T   ";Лето;Легковой/4x4;185;70;14;T;88;;;2;885;885;106;04.01.2016;"ЧП Манойло (Два Cезона)"
Barum;"Brillantis 2";"Barum Brillantis 2 195/65 R15 91H   ";Лето;Легковой/4x4;195;65;15;H;91;;;8;980;1010;309;04.01.2016;"ООО ""МТС"""
Barum;"Brillantis 2";"Barum Brillantis 2 195/65 R15 91T   ";Лето;Легковой/4x4;195;65;15;T;91;;;4;989;1019;310;04.01.2016;"ООО ""МТС"""
Barum;"Brillantis 2";"Barum Brillantis 2 195/65 R15 91T   ";Лето;Легковой/4x4;195;65;15;T;91;;;2;989;1019;311;04.01.2016;"ООО ""МТС"""
Barum;"Brillantis 2";"Barum Brillantis 2 195/65 R15 91H   ";Лето;Легковой/4x4;195;65;15;H;91;;;1;912.975;912.975;2395;31.12.2015;"ЧП Снегов"
Barum;"Brillantis 2";"Barum Brillantis 2 195/65 R15 95T XL  ";Лето;Легковой/4x4;195;65;15;T;95;;;4;1086.51;1086.51;2396;31.12.2015;"ЧП Снегов"
Barum;"Brillantis 2";"Barum Brillantis 2 195/70 R14 91T   ";Лето;Легковой/4x4;195;70;14;T;91;;;4;1154.09;1211.55;1042;04.01.2016;"ООО ""Шинная Компания"""
Barum;"Brillantis 2";"Barum Brillantis 2 195/70 R14 91T   ";Лето;Легковой/4x4;195;70;14;T;91;;;54;1153.84;1153.84;2387;31.12.2015;"ЧП Снегов"
Barum;"BS 71";"Barum BS 71 12 R20 18R   ";Всесезонка;Грузовой;12;;20;R;18;;;4;8820.25;8820.25;21;31.12.2015;"ЧП Снегов"
Barum;"BT 43";"Barum BT 43 215/75 R17.5 135/133J   ";Всесезонка;Грузовой;215;75;17.5;;135;;;1;3840;4864;174;04.01.2016;"Вито шина (ПП Пальонка В. В.)"
Barum;"BT 43";"Barum BT 43 215/75 R17.5 16R   ";Всесезонка;Грузовой;215;75;17.5;R;16;;;27;3676.5;3676.5;3;31.12.2015;"ЧП Снегов"
Barum;"BT 43";"Barum BT 43 235/75 R17.5 16R   ";Всесезонка;Грузовой;235;75;17.5;R;16;;;18;4825.95;4825.95;9;31.12.2015;"ЧП Снегов"
Barum;"BT 43";"Barum BT 43 245/70 R17.5 143/141J   ";Всесезонка;Грузовой;245;70;17.5;;143;;;6;5320.63;5586.88;917;04.01.2016;"ООО ""Шинная Компания"""
Barum;"BT 43";"Barum BT 43 245/70 R17.5 16R   ";Всесезонка;Грузовой;245;70;17.5;R;16;;;18;5084.17;5084.17;13;31.12.2015;"ЧП Снегов"
Barum;"BT 43";"Barum BT 43 265/70 R19.5 18R   ";Всесезонка;Грузовой;265;70;19.5;R;18;;;26;4977.72;4977.72;15;31.12.2015;"ЧП Снегов"
Barum;"BT 43";"Barum BT 43 385/65 R22.5 160K   ";Всесезонка;Грузовой;385;65;22.5;K;160;;;6;7760;7760;243;04.01.2016;"ЧП Манойло (Два Cезона)"
Barum;"BT 43";"Barum BT 43 385/65 R22.5 20R   ";Всесезонка;Грузовой;385;65;22.5;R;20;;;30;8222.99;8222.99;34;31.12.2015;"ЧП Снегов"
Barum;"BT 43";"Barum BT 43 385/65 R22.5 20R   ";Всесезонка;Грузовой;385;65;22.5;R;20;;;2;7905;7905;762;04.01.2016;"ООО «Колесо-Центр»"
Barum;"BT 43";"Barum BT 43 445/65 R22.5 20R   ";Всесезонка;Грузовой;445;65;22.5;R;20;;;14;12202.8;12202.8;40;31.12.2015;"ЧП Снегов"
Barum;BT44;"Barum BT44 425/65 R22.5 20R   ";Всесезонка;Грузовой;425;65;22.5;R;20;;;10;11690;11690;37;31.12.2015;"ЧП Снегов"
Barum;NR52;"Barum NR52 365/80 R20 20R   ";Всесезонка;Грузовой;365;80;20;R;20;;;29;8667.43;8667.43;19;31.12.2015;"ЧП Снегов"
Barum;"OR 56";"Barum OR 56 195/70 R15 97T   ";Лето;Легкогрузовой;195;70;15;T;97;;;8;1090;1090;123;04.01.2016;"ЧП Манойло (Два Cезона)"
Barum;"OR 56";"Barum OR 56 195/70 R15 97T RF  ";Лето;Легкогрузовой;195;70;15;T;97;;;1;1086;1086;2051;04.01.2016;Шипшина
Barum;"OR 56";"Barum OR 56 195/70 R15 97T RF  ";Лето;Легкогрузовой;195;70;15;T;97;;;2;1109.25;1109.25;15;04.01.2016;"ООО «Колесо-Центр»"
Barum;"OR 56";"Barum OR 56 195/70 R15 97T RF  ";Лето;Легкогрузовой;195;70;15;T;97;;;4;1512;1512;938;28.12.2015;"ООО ""Шинные технологии"""
Barum;"Polaris 2";"Barum Polaris 2 195/60 R15    ";Зима;Легковой/4x4;195;60;15;;;;;2;1192;1252.12;120;28.12.2015;Элит
Barum;"Polaris 2";"Barum Polaris 2 205/50 R17 93H XL  ";Зима;Легковой/4x4;205;50;17;H;93;;;4;1674.45;1758.15;204;28.12.2015;Элит
Barum;"Polaris 2";"Barum Polaris 2 205/60 R15 91H   ";Зима;Легковой/4x4;205;60;15;H;91;;;1;941.85;988.87;146;28.12.2015;Элит
Barum;"Polaris 2";"Barum Polaris 2 205/60 R15 91T   ";Зима;Легковой/4x4;205;60;15;T;91;;;10;784;823.95;147;28.12.2015;Элит
Barum;"Polaris 3";"Barum Polaris 3 135/80 R13 70T   ";Зима;Легковой/4x4;135;80;13;T;70;;;4;551.411;551.411;18;31.12.2015;"ЧП Снегов"
Barum;"Polaris 3";"Barum Polaris 3 145/80 R13 75T   ";Зима;Легковой/4x4;145;80;13;T;75;;;9;666.925;666.925;20;31.12.2015;"ЧП Снегов"
Barum;"Polaris 3";"Barum Polaris 3 155/65 R13 73T   ";Зима;Легковой/4x4;155;65;13;T;73;;;100;695.415;695.415;22;31.12.2015;"ЧП Снегов"
Barum;"Polaris 3";"Barum Polaris 3 155/70 R13 75T   ";Зима;Легковой/4x4;155;70;13;T;75;;;12;660;660;250;04.01.2016;"ООО ""Н.К.С.-13"""
Barum;"Polaris 3";"Barum Polaris 3 155/70 R13 75T   ";Зима;Легковой/4x4;155;70;13;T;75;;;20;703.18;738.42;8;04.01.2016;"ООО ""Шинная Компания"""
Barum;"Polaris 3";"Barum Polaris 3 155/70 R13 75T   ";Зима;Легковой/4x4;155;70;13;T;75;;;5;698.005;698.005;24;31.12.2015;"ЧП Снегов"
Barum;"Polaris 3";"Barum Polaris 3 155/70 R13 14р   ";Зима;Легковой/4x4;155;70;13;р;14;;;4;693;693;201;04.01.2016;Шипшина
Barum;"Polaris 3";"Barum Polaris 3 165/65 R14 79T   ";Зима;Легковой/4x4;165;65;14;T;79;;;2;802.9;1036;74;04.01.2016;"DTW (ФЛП Комарицкий С.Д.)"
Barum;"Polaris 3";"Barum Polaris 3 165/65 R14 79T   ";Зима;Легковой/4x4;165;65;14;T;79;;;82;859.362;859.362;31;31.12.2015;"ЧП Снегов"
Barum;"Polaris 3";"Barum Polaris 3 165/70 R13 15р   ";Зима;Легковой/4x4;165;70;13;р;15;;;4;739;739;302;04.01.2016;Шипшина
Barum;"Polaris 3";"Barum Polaris 3 165/70 R13 79T   ";Зима;Легковой/4x4;165;70;13;T;79;;;4;739.5;739.5;10;28.12.2015;"Express Trading LTD"
Barum;"Polaris 3";"Barum Polaris 3 165/70 R13 83T XL  ";Зима;Легковой/4x4;165;70;13;T;83;;;8;875.679;875.679;26;31.12.2015;"ЧП Снегов"
Barum;"Polaris 3";"Barum Polaris 3 165/80 R13 83T   ";Зима;Легковой/4x4;165;80;13;T;83;;;1;776.482;776.482;28;31.12.2015;"ЧП Снегов"
Barum;"Polaris 3";"Barum Polaris 3 165/80 R14 85T   ";Зима;Легковой/4x4;165;80;14;T;85;;;5;830.872;830.872;32;31.12.2015;"ЧП Снегов"
Barum;"Polaris 3";"Barum Polaris 3 175/65 R13 80T   ";Зима;Легковой/4x4;175;65;13;T;80;;;4;904;904;232;04.01.2016;БФ-Шина
Barum;"Polaris 3";"Barum Polaris 3 175/65 R13 80T   ";Зима;Легковой/4x4;175;65;13;T;80;;;2;910.57;956.02;13;28.12.2015;Элит
Barum;"Polaris 3";"Barum Polaris 3 175/65 R14 82T   ";Зима;Легковой/4x4;175;65;14;T;82;;;20;862.87;905.87;50;04.01.2016;"ООО ""Шинная Компания"""
Barum;"Polaris 3";"Barum Polaris 3 175/65 R14 82T   ";Зима;Легковой/4x4;175;65;14;T;82;;;4;794;947;20;04.01.2016;"Вито шина (ПП Пальонка В. В.)"
Barum;"Polaris 3";"Barum Polaris 3 175/65 R14 82T   ";Зима;Легковой/4x4;175;65;14;T;82;;;100;826.728;826.728;33;31.12.2015;"ЧП Снегов"
Barum;"Polaris 3";"Barum Polaris 3 175/65 R14 15р   ";Зима;Легковой/4x4;175;65;14;р;15;;;2;833;833;445;04.01.2016;Шипшина
Barum;"Polaris 3";"Barum Polaris 3 175/65 R14 86T XL  ";Зима;Легковой/4x4;175;65;14;T;86;;;10;893.55;893.55;35;31.12.2015;"ЧП Снегов"
Barum;"Polaris 3";"Barum Polaris 3 175/65 R15 84T   ";Зима;Легковой/4x4;175;65;15;T;84;;;4;915.565;915.565;44;31.12.2015;"ЧП Снегов"
Barum;"Polaris 3";"Barum Polaris 3 175/70 R13 82T   ";Зима;Легковой/4x4;175;70;13;T;82;;;4;870;870;11;04.01.2016;Z-Shina
Barum;"Polaris 3";"Barum Polaris 3 175/70 R13 82T   ";Зима;Легковой/4x4;175;70;13;T;82;;;20;818.25;859.25;73;04.01.2016;"ООО ""Шинная Компания"""
Barum;"Polaris 3";"Barum Polaris 3 175/70 R13 82T   ";Зима;Легковой/4x4;175;70;13;T;82;;;6;786;870;6;04.01.2016;"Вито шина (ПП Пальонка В. В.)"
Barum;"Polaris 3";"Barum Polaris 3 175/70 R13 82T   ";Зима;Легковой/4x4;175;70;13;T;82;;;4;779;779;23;04.01.2016;"ЧП Семеха"
Barum;"Polaris 3";"Barum Polaris 3 175/70 R13 82T   ";Зима;Легковой/4x4;175;70;13;T;82;;;27;785.806;785.806;30;31.12.2015;"ЧП Снегов"
Barum;"Polaris 3";"Barum Polaris 3 175/70 R13 14р   ";Зима;Легковой/4x4;175;70;13;р;14;;;2;792;792;630;04.01.2016;Шипшина
Barum;"Polaris 3";"Barum Polaris 3 175/70 R13 82T   ";Зима;Легковой/4x4;175;70;13;T;82;;;4;739.5;739.5;30;28.12.2015;"Express Trading LTD"
Barum;"Polaris 3";"Barum Polaris 3 175/70 R13 82T   ";Зима;Легковой/4x4;175;70;13;T;82;;;4;777.75;777.75;129;04.01.2016;"ООО «Колесо-Центр»"
Barum;"Polaris 3";"Barum Polaris 3 175/70 R14 84T   ";Зима;Легковой/4x4;175;70;14;T;84;;;8;853;853;297;04.01.2016;"ООО ""Н.К.С.-13"""
Barum;"Polaris 3";"Barum Polaris 3 175/70 R14 84T   ";Зима;Легковой/4x4;175;70;14;T;84;;;8;885.87;929.87;85;04.01.2016;"ООО ""Шинная Компания"""
Barum;"Polaris 3";"Barum Polaris 3 175/70 R14 84T   ";Зима;Легковой/4x4;175;70;14;T;84;;;8;858;947;29;04.01.2016;"Вито шина (ПП Пальонка В. В.)"
Barum;"Polaris 3";"Barum Polaris 3 175/70 R14    ";Зима;Легковой/4x4;175;70;14;;;;;4;904;904;19;29.12.2015;ТОП-СЕРВИС
Barum;"Polaris 3";"Barum Polaris 3 175/70 R14 84T   ";Зима;Легковой/4x4;175;70;14;T;84;;;4;857;857;261;04.01.2016;БФ-Шина
Barum;"Polaris 3";"Barum Polaris 3 175/70 R14 15р   ";Зима;Легковой/4x4;175;70;14;р;15;;;4;893;893;734;04.01.2016;Шипшина
Barum;"Polaris 3";"Barum Polaris 3 175/70 R14 88T XL  ";Зима;Легковой/4x4;175;70;14;T;88;;;28;1026.94;1026.94;36;31.12.2015;"ЧП Снегов"
Barum;"Polaris 3";"Barum Polaris 3 175/80 R14 88T   ";Зима;Легковой/4x4;175;80;14;T;88;;;31;964.775;964.775;38;31.12.2015;"ЧП Снегов"
Barum;"Polaris 3";"Barum Polaris 3 185/55 R15 82T   ";Зима;Легковой/4x4;185;55;15;T;82;;;49;1043.51;1043.51;46;31.12.2015;"ЧП Снегов"
Barum;"Polaris 3";"Barum Polaris 3 185/55 R15 82T   ";Зима;Легковой/4x4;185;55;15;T;82;;;2;1046.47;1098;81;28.12.2015;Элит
Barum;"Polaris 3";"Barum Polaris 3 185/60 R14 82T   ";Зима;Легковой/4x4;185;60;14;T;82;;;2;909;909;16;04.01.2016;Z-Shina
Barum;"Polaris 3";"Barum Polaris 3 185/60 R14 82T   ";Зима;Легковой/4x4;185;60;14;T;82;;;4;969;969;35;31.12.2015;"ООО ""Склад Колес"" (ПП Прокопенко)"
Barum;"Polaris 3";"Barum Polaris 3 185/60 R14 82T   ";Зима;Легковой/4x4;185;60;14;T;82;;;8;819;947;36;04.01.2016;"Вито шина (ПП Пальонка В. В.)"
Barum;"Polaris 3";"Barum Polaris 3 185/60 R15 88T XL  ";Зима;Легковой/4x4;185;60;15;T;88;;;4;966.329;966.329;48;31.12.2015;"ЧП Снегов"
Barum;"Polaris 3";"Barum Polaris 3 185/65 R14 86T   ";Зима;Легковой/4x4;185;65;14;T;86;;;20;939.87;986.87;158;04.01.2016;"ООО ""Шинная Компания"""
Barum;"Polaris 3";"Barum Polaris 3 185/65 R14 86T   ";Зима;Легковой/4x4;185;65;14;T;86;;;8;847;947;42;04.01.2016;"Вито шина (ПП Пальонка В. В.)"
Barum;"Polaris 3";"Barum Polaris 3 185/65 R14 86T   ";Зима;Легковой/4x4;185;65;14;T;86;;;4;822;822;27;04.01.2016;"WESTSHYNA +"
Barum;"Polaris 3";"Barum Polaris 3 185/65 R14 86T   ";Зима;Легковой/4x4;185;65;14;T;86;;;4;935;975;16;30.12.2015;Грандшина
Barum;"Polaris 3";"Barum Polaris 3 185/65 R14 86T   ";Зима;Легковой/4x4;185;65;14;T;86;;;2;840;840;20;04.01.2016;"ЧП Манойло (Два Cезона)"
Barum;"Polaris 3";"Barum Polaris 3 185/65 R14 86T   ";Зима;Легковой/4x4;185;65;14;T;86;;;100;902.874;902.874;39;31.12.2015;"ЧП Снегов"
Barum;"Polaris 3";"Barum Polaris 3 185/65 R14 15р   ";Зима;Легковой/4x4;185;65;14;р;15;;;1;908;908;1101;04.01.2016;Шипшина
Barum;"Polaris 3";"Barum Polaris 3 185/65 R15 88T   ";Зима;Легковой/4x4;185;65;15;T;88;;;6;915;915;347;04.01.2016;"ООО ""Н.К.С.-13"""
Barum;"Polaris 3";"Barum Polaris 3 185/65 R15 88T   ";Зима;Легковой/4x4;185;65;15;T;88;;;4;33;33;27;04.01.2016;"ЧП Карпов"
Barum;"Polaris 3";"Barum Polaris 3 185/65 R15 88T   ";Зима;Легковой/4x4;185;65;15;T;88;;;10;986.87;1035.87;172;04.01.2016;"ООО ""Шинная Компания"""
Barum;"Polaris 3";"Barum Polaris 3 185/65 R15 88T   ";Зима;Легковой/4x4;185;65;15;T;88;;;2;854.7;854.7;29;04.01.2016;"ЧП Гасило"
Barum;"Polaris 3";"Barum Polaris 3 185/65 R15 88T   ";Зима;Легковой/4x4;185;65;15;T;88;;;65;920;920;41;28.12.2015;"ТЛ АВТО"
Barum;"Polaris 3";"Barum Polaris 3 185/65 R15 88T   ";Зима;Легковой/4x4;185;65;15;T;88;;;100;940.17;940.17;50;31.12.2015;"ЧП Снегов"
Barum;"Polaris 3";"Barum Polaris 3 185/70 R14 88T   ";Зима;Легковой/4x4;185;70;14;T;88;;;2;1112;1112;31;04.01.2016;Z-Shina
Barum;"Polaris 3";"Barum Polaris 3 185/70 R14 88T   ";Зима;Легковой/4x4;185;70;14;T;88;;;6;1056.87;1109.87;194;04.01.2016;"ООО ""Шинная Компания"""
Barum;"Polaris 3";"Barum Polaris 3 185/70 R14 88T   ";Зима;Легковой/4x4;185;70;14;T;88;;;22;1016.58;1016.58;41;31.12.2015;"ЧП Снегов"
Barum;"Polaris 3";"Barum Polaris 3 185/70 R14 15р   ";Зима;Легковой/4x4;185;70;14;р;15;;;2;1047;1047;1361;04.01.2016;Шипшина
Barum;"Polaris 3";"Barum Polaris 3 195/50 R15 82T   ";Зима;Легковой/4x4;195;50;15;T;82;;;100;995.855;995.855;52;31.12.2015;"ЧП Снегов"
Barum;"Polaris 3";"Barum Polaris 3 195/55 R15 85H   ";Зима;Легковой/4x4;195;55;15;H;85;;;100;1290.08;1290.08;54;31.12.2015;"ЧП Снегов"
Barum;"Polaris 3";"Barum Polaris 3 195/55 R16 87H   ";Зима;Легковой/4x4;195;55;16;H;87;;;35;1480.19;1480.19;66;31.12.2015;"ЧП Снегов"
Barum;"Polaris 3";"Barum Polaris 3 195/60 R15 88T   ";Зима;Легковой/4x4;195;60;15;T;88;;;8;1229.75;1290.75;231;04.01.2016;"ООО ""Шинная Компания"""
Barum;"Polaris 3";"Barum Polaris 3 195/60 R15 88T   ";Зима;Легковой/4x4;195;60;15;T;88;;;1;1020;1020;105;31.12.2015;"ООО ""Склад Колес"" (ПП Прокопенко)"
Barum;"Polaris 3";"Barum Polaris 3 195/60 R15 88T   ";Зима;Легковой/4x4;195;60;15;T;88;;;4;1032;1152;70;04.01.2016;"Вито шина (ПП Пальонка В. В.)"
Barum;"Polaris 3";"Barum Polaris 3 195/60 R15 46/13   ";Зима;Легковой/4x4;195;60;15;;46;;;8;923;923;24;29.12.2015;"ЧП Бардась"
Barum;"Polaris 3";"Barum Polaris 3 195/60 R15 88H   ";Зима;Легковой/4x4;195;60;15;H;88;;;2;1182.85;1182.85;56;31.12.2015;"ЧП Снегов"
Barum;"Polaris 3";"Barum Polaris 3 195/60 R15 88T   ";Зима;Легковой/4x4;195;60;15;T;88;;;41;1081.32;1081.32;58;31.12.2015;"ЧП Снегов"
Barum;"Polaris 3";"Barum Polaris 3 195/60 R15 88T   ";Зима;Легковой/4x4;195;60;15;T;88;;;4;1037;1037;207;28.12.2015;"ООО ""Шинные технологии"""
Barum;"Polaris 3";"Barum Polaris 3 195/65 R14 89T   ";Зима;Легковой/4x4;195;65;14;T;89;;;1;1259;1259;43;31.12.2015;"ЧП Снегов"
Barum;"Polaris 3";"Barum Polaris 3 195/65 R15 91T   ";Зима;Легковой/4x4;195;65;15;T;91;;;8;850;850;353;04.01.2016;"ООО ""Н.К.С.-13"""
Barum;"Polaris 3";"Barum Polaris 3 195/65 R15 91T   ";Зима;Легковой/4x4;195;65;15;T;91;;;4;953;982;261;04.01.2016;"ООО ""МТС"""
Barum;"Polaris 3";"Barum Polaris 3 195/65 R15 91T   ";Зима;Легковой/4x4;195;65;15;T;91;;;1;1020;1020;141;31.12.2015;"ООО ""Склад Колес"" (ПП Прокопенко)"
Barum;"Polaris 3";"Barum Polaris 3 195/65 R15 91T   ";Зима;Легковой/4x4;195;65;15;T;91;;;8;888;973;74;04.01.2016;"Вито шина (ПП Пальонка В. В.)"
Barum;"Polaris 3";"Barum Polaris 3 195/65 R15 91T   ";Зима;Легковой/4x4;195;65;15;T;91;;;33;975;975;40;28.12.2015;"ТЛ АВТО"
Barum;"Polaris 3";"Barum Polaris 3 195/65 R15 91T   ";Зима;Легковой/4x4;195;65;15;T;91;;;14;880;880;27;04.01.2016;"ЧП Манойло (Два Cезона)"
Barum;"Polaris 3";"Barum Polaris 3 195/65 R15 15р   ";Зима;Легковой/4x4;195;65;15;р;15;;;2;924;924;1892;04.01.2016;Шипшина
Barum;"Polaris 3";"Barum Polaris 3 195/65 R15 91T   ";Зима;Легковой/4x4;195;65;15;T;91;;;14;867;867;262;28.12.2015;"Express Trading LTD"
Barum;"Polaris 3";"Barum Polaris 3 205/50 R16 87H   ";Зима;Легковой/4x4;205;50;16;H;87;;;5;1624.97;1624.97;68;31.12.2015;"ЧП Снегов"
Barum;"Polaris 3";"Barum Polaris 3 205/50 R17 93H XL  ";Зима;Легковой/4x4;205;50;17;H;93;;;65;1896.4;1896.4;88;31.12.2015;"ЧП Снегов"
Barum;"Polaris 3";"Barum Polaris 3 205/55 R16    ";Зима;Легковой/4x4;205;55;16;;;;;4;1280;1280;75;29.12.2015;ТОП-СЕРВИС
Barum;"Polaris 3";"Barum Polaris 3 205/55 R16 91T   ";Зима;Легковой/4x4;205;55;16;T;91;;;2;1217.3;1217.3;43;04.01.2016;"ЧП Гасило"
Barum;"Polaris 3";"Barum Polaris 3 205/55 R16 25/15   ";Зима;Легковой/4x4;205;55;16;;25;;;8;1227;1227;76;29.12.2015;"ЧП Бардась"
Barum;"Polaris 3";"Barum Polaris 3 205/55 R16 91T   ";Зима;Легковой/4x4;205;55;16;T;91;;;14;1307.95;1307.95;70;31.12.2015;"ЧП Снегов"
Barum;"Polaris 3";"Barum Polaris 3 205/55 R16 14р   ";Зима;Легковой/4x4;205;55;16;р;14;;;1;1340;1340;2400;04.01.2016;Шипшина
Barum;"Polaris 3";"Barum Polaris 3 205/55 R16 91T   ";Зима;Легковой/4x4;205;55;16;T;91;;;4;1508;1508;287;28.12.2015;"ООО ""Шинные технологии"""
Barum;"Polaris 3";"Barum Polaris 3 205/60 R15 91T   ";Зима;Легковой/4x4;205;60;15;T;91;;;16;1139.86;1139.86;60;31.12.2015;"ЧП Снегов"
Barum;"Polaris 3";"Barum Polaris 3 205/60 R15 91T   ";Зима;Легковой/4x4;205;60;15;T;91;;;1;1139.86;1139.86;62;31.12.2015;"ЧП Снегов"
Barum;"Polaris 3";"Barum Polaris 3 205/60 R15 91T   ";Зима;Легковой/4x4;205;60;15;T;91;;;1;1046.47;1098;148;28.12.2015;Элит
Barum;"Polaris 3";"Barum Polaris 3 205/60 R16 92H   ";Зима;Легковой/4x4;205;60;16;H;92;;;2;1450;1450;405;04.01.2016;"ООО ""Н.К.С.-13"""
Barum;"Polaris 3";"Barum Polaris 3 205/60 R16 92H   ";Зима;Легковой/4x4;205;60;16;H;92;;;10;1568.62;1647.62;351;04.01.2016;"ООО ""Шинная Компания"""
Barum;"Polaris 3";"Barum Polaris 3 205/60 R16 92H   ";Зима;Легковой/4x4;205;60;16;H;92;;;100;1521.62;1521.62;72;31.12.2015;"ЧП Снегов"
Barum;"Polaris 3";"Barum Polaris 3 205/60 R16 96H XL  ";Зима;Легковой/4x4;205;60;16;H;96;;;100;1511.27;1511.27;74;31.12.2015;"ЧП Снегов"
Barum;"Polaris 3";"Barum Polaris 3 205/65 R15 94T   ";Зима;Легковой/4x4;205;65;15;T;94;;;8;1482.37;1556.37;376;04.01.2016;"ООО ""Шинная Компания"""
Barum;"Polaris 3";"Barum Polaris 3 205/65 R15 94T   ";Зима;Легковой/4x4;205;65;15;T;94;;;2;1403;1510;89;04.01.2016;"Вито шина (ПП Пальонка В. В.)"
Barum;"Polaris 3";"Barum Polaris 3 205/65 R15 33/13   ";Зима;Легковой/4x4;205;65;15;;33;;;8;1290;1290;48;29.12.2015;"ЧП Бардась"
Barum;"Polaris 3";"Barum Polaris 3 205/65 R15 94T   ";Зима;Легковой/4x4;205;65;15;T;94;;;100;1392.12;1392.12;64;31.12.2015;"ЧП Снегов"
Barum;"Polaris 3";"Barum Polaris 3 205/65 R15 94T   ";Зима;Легковой/4x4;205;65;15;T;94;;;4;1226;1226;242;28.12.2015;"ООО ""Шинные технологии"""
Barum;"Polaris 3";"Barum Polaris 3 205/70 R15 96T   ";Зима;Легковой/4x4;205;70;15;T;96;;;4;1657;1657;165;31.12.2015;"ООО ""Склад Колес"" (ПП Прокопенко)"
Barum;"Polaris 3";"Barum Polaris 3 205/70 R15 96T   ";Зима;Легковой/4x4;205;70;15;T;96;;;4;1459;1587;91;04.01.2016;"Вито шина (ПП Пальонка В. В.)"
Barum;"Polaris 3";"Barum Polaris 3 205/70 R15 33/14   ";Зима;Легковой/4x4;205;70;15;;33;;;8;1392;1392;52;29.12.2015;"ЧП Бардась"
Barum;"Polaris 3";"Barum Polaris 3 205/70 R15 96T   ";Зима;Легковой/4x4;205;70;15;T;96;;;11;1493.14;1493.14;104;31.12.2015;"ЧП Снегов"
Barum;"Polaris 3";"Barum Polaris 3 215/50 R17 95V XL  ";Зима;Легковой/4x4;215;50;17;V;95;;;42;2272.73;2272.73;90;31.12.2015;"ЧП Снегов"
Barum;"Polaris 3";"Barum Polaris 3 215/55 R16 40/13   ";Зима;Легковой/4x4;215;55;16;;40;;;4;1392;1392;92;29.12.2015;"ЧП Бардась"
Barum;"Polaris 3";"Barum Polaris 3 215/55 R16 93H   ";Зима;Легковой/4x4;215;55;16;H;93;;;2;1398.6;1942.5;131;04.01.2016;"DTW (ФЛП Комарицкий С.Д.)"
Barum;"Polaris 3";"Barum Polaris 3 215/55 R16 93H   ";Зима;Легковой/4x4;215;55;16;H;93;;;25;1831.13;1831.13;76;31.12.2015;"ЧП Снегов"
Barum;"Polaris 3";"Barum Polaris 3 215/55 R16 97H XL  ";Зима;Легковой/4x4;215;55;16;H;97;;;1;2034.44;2034.44;78;31.12.2015;"ЧП Снегов"
Barum;"Polaris 3";"Barum Polaris 3 215/60 R16 99H   ";Зима;Легковой/4x4;215;60;16;H;99;;;10;1823.62;1914.62;469;04.01.2016;"ООО ""Шинная Компания"""
Barum;"Polaris 3";"Barum Polaris 3 215/60 R16    ";Зима;Легковой/4x4;215;60;16;;;;;4;1732;1732;92;29.12.2015;ТОП-СЕРВИС
Barum;"Polaris 3";"Barum Polaris 3 215/60 R16 25/15   ";Зима;Легковой/4x4;215;60;16;;25;;;4;1720;1720;97;29.12.2015;"ЧП Бардась"
Barum;"Polaris 3";"Barum Polaris 3 215/60 R16 15р XL  ";Зима;Легковой/4x4;215;60;16;р;15;;;4;1841;1841;3419;04.01.2016;Шипшина
Barum;"Polaris 3";"Barum Polaris 3 215/60 R16 99H XL  ";Зима;Легковой/4x4;215;60;16;H;99;;;2;1360.57;1428.52;166;28.12.2015;Элит
Barum;"Polaris 3";"Barum Polaris 3 215/60 R17 96H   ";Зима;Легковой/4x4;215;60;17;H;96;;;2;2092.72;2092.72;116;31.12.2015;"ЧП Снегов"
Barum;"Polaris 3";"Barum Polaris 3 215/65 R15 96H   ";Зима;Легковой/4x4;215;65;15;H;96;;;2;1636.25;1717.25;489;04.01.2016;"ООО ""Шинная Компания"""
Barum;"Polaris 3";"Barum Polaris 3 215/65 R16 98H   ";Зима;Легковой/4x4;215;65;16;H;98;;;2;1634.37;1716.37;500;04.01.2016;"ООО ""Шинная Компания"""
Barum;"Polaris 3";"Barum Polaris 3 215/65 R16 98H   ";Зима;Легковой/4x4;215;65;16;H;98;;;8;1542;1542;79;04.01.2016;"WESTSHYNA +"
Barum;"Polaris 3";"Barum Polaris 3 215/65 R16 29/15   ";Зима;Легковой/4x4;215;65;16;;29;;;8;1518;1518;98;29.12.2015;"ЧП Бардась"
Barum;"Polaris 3";"Barum Polaris 3 215/65 R16 98H   ";Зима;Легковой/4x4;215;65;16;H;98;;;3;1594.15;1594.15;106;31.12.2015;"ЧП Снегов"
Barum;"Polaris 3";"Barum Polaris 3 215/65 R16 98H   ";Зима;Легковой/4x4;215;65;16;H;98;;;4;1701;1701;331;04.01.2016;TireShop
Barum;"Polaris 3";"Barum Polaris 3 215/70 R16 100T   ";Зима;Легковой/4x4;215;70;16;T;100;;;5;1590;1590;391;04.01.2016;"ООО ""Н.К.С.-13"""
Barum;"Polaris 3";"Barum Polaris 3 215/70 R16 38/15   ";Зима;Легковой/4x4;215;70;16;;38;;;4;1607;1607;109;29.12.2015;"ЧП Бардась"
Barum;"Polaris 3";"Barum Polaris 3 215/70 R16 100T   ";Зима;Легковой/4x4;215;70;16;T;100;;;2;1707.07;1707.07;108;31.12.2015;"ЧП Снегов"
Barum;"Polaris 3";"Barum Polaris 3 225/40 R18 92V XL  ";Зима;Легковой/4x4;225;40;18;V;92;;;8;2360.78;2360.78;98;31.12.2015;"ЧП Снегов"
Barum;"Polaris 3";"Barum Polaris 3 225/45 R17 91H   ";Зима;Легковой/4x4;225;45;17;H;91;;;100;1964.52;1964.52;92;31.12.2015;"ЧП Снегов"
Barum;"Polaris 3";"Barum Polaris 3 225/50 R17 98H XL  ";Зима;Легковой/4x4;225;50;17;H;98;;;4;2295;2295;312;31.12.2015;"ООО ""Склад Колес"" (ПП Прокопенко)"
Barum;"Polaris 3";"Barum Polaris 3 225/50 R17 98H XL  ";Зима;Легковой/4x4;225;50;17;H;98;;;7;2192.95;2192.95;94;31.12.2015;"ЧП Снегов"
Barum;"Polaris 3";"Barum Polaris 3 225/55 R16 95H   ";Зима;Легковой/4x4;225;55;16;H;95;;;4;1840.45;1840.45;80;31.12.2015;"ЧП Снегов"
Barum;"Polaris 3";"Barum Polaris 3 225/55 R16 99H XL  ";Зима;Легковой/4x4;225;55;16;H;99;;;8;1879.05;1879.05;82;31.12.2015;"ЧП Снегов"
Barum;"Polaris 3";"Barum Polaris 3 225/55 R17 37/14   ";Зима;Легковой/4x4;225;55;17;;37;;;8;2340;2340;199;29.12.2015;"ЧП Бардась"
Barum;"Polaris 3";"Barum Polaris 3 225/55 R17 101V XL  ";Зима;Легковой/4x4;225;55;17;V;101;;;8;2655.12;2788.12;603;04.01.2016;"ООО ""Шинная Компания"""
Barum;"Polaris 3";"Barum Polaris 3 225/55 R17 101V XL  ";Зима;Легковой/4x4;225;55;17;V;101;;;21;2515.93;2515.93;96;31.12.2015;"ЧП Снегов"
Barum;"Polaris 3";"Barum Polaris 3 225/55 R17 15р XL  ";Зима;Легковой/4x4;225;55;17;р;15;;;4;2629;2629;4357;04.01.2016;Шипшина
Barum;"Polaris 3";"Barum Polaris 3 225/60 R16 102H XL  ";Зима;Легковой/4x4;225;60;16;H;102;;;4;2016;2016;554;04.01.2016;БФ-Шина
Barum;"Polaris 3";"Barum Polaris 3 225/60 R16 102H XL  ";Зима;Легковой/4x4;225;60;16;H;102;;;4;2034.44;2034.44;84;31.12.2015;"ЧП Снегов"
Barum;"Polaris 3";"Barum Polaris 3 225/65 R17 102H   ";Зима;Легковой/4x4;225;65;17;H;102;;;19;2408.12;2529.12;646;04.01.2016;"ООО ""Шинная Компания"""
Barum;"Polaris 3";"Barum Polaris 3 225/65 R17 102H   ";Зима;Легковой/4x4;225;65;17;H;102;;;4;2295;2295;333;31.12.2015;"ООО ""Склад Колес"" (ПП Прокопенко)"
Barum;"Polaris 3";"Barum Polaris 3 225/65 R17 102H   ";Зима;Легковой/4x4;225;65;17;H;102;;;83;2299.92;2299.92;118;31.12.2015;"ЧП Снегов"
Barum;"Polaris 3";"Barum Polaris 3 225/65 R17 15р   ";Зима;Легковой/4x4;225;65;17;р;15;;;2;2373;2373;4658;04.01.2016;Шипшина
Barum;"Polaris 3";"Barum Polaris 3 225/70 R16 19/14   ";Зима;Легковой/4x4;225;70;16;;19;;;4;1986;1986;119;29.12.2015;"ЧП Бардась"
Barum;"Polaris 3";"Barum Polaris 3 225/70 R16 103T   ";Зима;Легковой/4x4;225;70;16;T;103;;;5;1979.02;1979.02;110;31.12.2015;"ЧП Снегов"
Barum;"Polaris 3";"Barum Polaris 3 235/55 R17 20/14   ";Зима;Легковой/4x4;235;55;17;;20;;;8;3011;3011;208;29.12.2015;"ЧП Бардась"
Barum;"Polaris 3";"Barum Polaris 3 235/55 R17 103V XL  ";Зима;Легковой/4x4;235;55;17;V;103;;;8;3084.75;3238.75;698;04.01.2016;"ООО ""Шинная Компания"""
Barum;"Polaris 3";"Barum Polaris 3 235/55 R17 103V XL  ";Зима;Легковой/4x4;235;55;17;V;103;;;6;2896.92;2896.92;120;31.12.2015;"ЧП Снегов"
Barum;"Polaris 3";"Barum Polaris 3 235/60 R16    ";Зима;Легковой/4x4;235;60;16;;;;;2;2008;2008;107;29.12.2015;ТОП-СЕРВИС
Barum;"Polaris 3";"Barum Polaris 3 235/60 R16 100H   ";Зима;Легковой/4x4;235;60;16;H;100;;;4;1890.7;1890.7;72;04.01.2016;"ЧП Гасило"
Barum;"Polaris 3";"Barum Polaris 3 235/60 R16 100H   ";Зима;Легковой/4x4;235;60;16;H;100;;;1;1964.52;1964.52;86;31.12.2015;"ЧП Снегов"
Barum;"Polaris 3";"Barum Polaris 3 235/60 R16 15р   ";Зима;Легковой/4x4;235;60;16;р;15;;;4;1993;1993;5241;04.01.2016;Шипшина
Barum;"Polaris 3";"Barum Polaris 3 235/60 R18 107H   ";Зима;Легковой/4x4;235;60;18;H;107;;;8;2019;2019;478;04.01.2016;"ООО «Колесо-Центр»"
Barum;"Polaris 3";"Barum Polaris 3 235/60 R18 107H XL  ";Зима;Легковой/4x4;235;60;18;H;107;;;8;2577.87;2706.87;727;04.01.2016;"ООО ""Шинная Компания"""
Barum;"Polaris 3";"Barum Polaris 3 235/65 R17 108H   ";Зима;Легковой/4x4;235;65;17;H;108;;;4;1920;2125;120;04.01.2016;"Вито шина (ПП Пальонка В. В.)"
Barum;"Polaris 3";"Barum Polaris 3 235/65 R17    ";Зима;Легковой/4x4;235;65;17;;;;;4;1979;1979;135;29.12.2015;ТОП-СЕРВИС
Barum;"Polaris 3";"Barum Polaris 3 235/65 R17 24/15   ";Зима;Легковой/4x4;235;65;17;;24;;;4;1898;1898;216;29.12.2015;"ЧП Бардась"
Barum;"Polaris 3";"Barum Polaris 3 235/65 R17 108H   ";Зима;Легковой/4x4;235;65;17;H;108;;;4;1942.5;2590;21;04.01.2016;"DTW (ФЛП Комарицкий С.Д.)"
Barum;"Polaris 3";"Barum Polaris 3 235/65 R17 108H XL  ";Зима;Легковой/4x4;235;65;17;H;108;;;8;1917.9;1917.9;121;31.12.2015;"ЧП Снегов"
Barum;"Polaris 3";"Barum Polaris 3 235/70 R16 106T   ";Зима;Легковой/4x4;235;70;16;T;106;;;2;2295;2295;282;31.12.2015;"ООО ""Склад Колес"" (ПП Прокопенко)"
Barum;"Polaris 3";"Barum Polaris 3 235/70 R16 106T   ";Зима;Легковой/4x4;235;70;16;T;106;;;2;2073.29;2073.29;112;31.12.2015;"ЧП Снегов"
Barum;"Polaris 3";"Barum Polaris 3 245/40 R18 245/40 XL  ";Зима;Легковой/4x4;245;40;18;;245;;;4;3100;3100;28;31.12.2015;"ФОП Козлов В.В."
Barum;"Polaris 3";"Barum Polaris 3 245/40 R18 97V XL  ";Зима;Легковой/4x4;245;40;18;V;97;;;10;2757.05;2757.05;100;31.12.2015;"ЧП Снегов"
Barum;"Polaris 3";"Barum Polaris 3 245/45 R18 100V XL  ";Зима;Легковой/4x4;245;45;18;V;100;;;5;3036.77;3036.77;102;31.12.2015;"ЧП Снегов"
Barum;"Polaris 3";"Barum Polaris 3 255/50 R19 107V XL  ";Зима;Легковой/4x4;255;50;19;V;107;;;8;2652.75;2785.75;799;04.01.2016;"ООО ""Шинная Компания"""
Barum;"Polaris 3";"Barum Polaris 3 255/50 R19 15р XL  ";Зима;Легковой/4x4;255;50;19;р;15;;;4;2614;2614;6235;04.01.2016;Шипшина
Barum;"Polaris 3";"Barum Polaris 3 255/50 R19 107V XL  ";Зима;Легковой/4x4;255;50;19;V;107;;;12;2538.2;2538.2;123;31.12.2015;"ЧП Снегов"
Barum;"Polaris 3";"Barum Polaris 3 255/55 R18 109H   ";Зима;Легковой/4x4;255;55;18;H;109;;;2;83;83;432;04.01.2016;"ЧП Демьяненко"
Barum;"Polaris 3";"Barum Polaris 3 265/70 R16 112T   ";Зима;Легковой/4x4;265;70;16;T;112;;;34;2335.4;2335.4;114;31.12.2015;"ЧП Снегов"
Barum;SnoVanis;"Barum SnoVanis 195 R14C 106/104Q   ";Зима;Легкогрузовой;195;;14;;106;;;2;58;58;186;04.01.2016;"ЧП Демьяненко"
Barum;SnoVanis;"Barum SnoVanis 195/80 R14C 106/104Q   ";Зима;Легкогрузовой;195;80;14;;106;;;1;1304.06;1304.06;6;31.12.2015;"ЧП Снегов"
Barum;"SnoVanis 2";"Barum SnoVanis 2 165/70 R14C 89/87R   ";Зима;Легкогрузовой;165;70;14;;89;;;32;1458.69;1458.69;2;31.12.2015;"ЧП Снегов"
Barum;"SnoVanis 2";"Barum SnoVanis 2 185 R14C 102/100Q   ";Зима;Легкогрузовой;185;;14;;102;;;2;413;413;396;04.01.2016;"ЧП Семеха"
Barum;"SnoVanis 2";"Barum SnoVanis 2 185 R14 14С   ";Зима;Легкогрузовой;185;;14;С;14;;;2;1253;1253;1478;04.01.2016;Шипшина
Barum;"SnoVanis 2";"Barum SnoVanis 2 185/80 R14C 102/100Q   ";Зима;Легкогрузовой;185;80;14;;102;;;7;1255.11;1255.11;4;31.12.2015;"ЧП Снегов"
Barum;"SnoVanis 2";"Barum SnoVanis 2 195 R14C 106/104Q   ";Зима;Легкогрузовой;195;;14;;106;;;6;418;418;401;04.01.2016;"ЧП Семеха"
Barum;"SnoVanis 2";"Barum SnoVanis 2 195 R14C 106/104Q   ";Зима;Легкогрузовой;195;;14;;106;;;4;1504;1504;60;04.01.2016;"ООО «Колесо-Центр»"
Barum;"SnoVanis 2";"Barum SnoVanis 2 195/65 R16C 104/102T   ";Зима;Легкогрузовой;195;65;16;;104;;;4;1670;1670;439;04.01.2016;"ООО ""Н.К.С.-13"""
Barum;"SnoVanis 2";"Barum SnoVanis 2 195/65 R16C 36/15   ";Зима;Легкогрузовой;195;65;16;;36;;;4;1682;1682;134;29.12.2015;"ЧП Бардась"
Barum;"SnoVanis 2";"Barum SnoVanis 2 195/65 R16 16С   ";Зима;Легкогрузовой;195;65;16;С;16;;;1;1793;1793;2018;04.01.2016;Шипшина
Barum;"SnoVanis 2";"Barum SnoVanis 2 195/70 R15C 104/102R   ";Зима;Легкогрузовой;195;70;15;;104;;;1;1427.75;1499.75;296;04.01.2016;"ООО ""Шинная Компания"""
Barum;"SnoVanis 2";"Barum SnoVanis 2 195/70 R15C 104/102R   ";Зима;Легкогрузовой;195;70;15;;104;;;6;1500;1545;323;04.01.2016;"ООО ""МТС"""
Barum;"SnoVanis 2";"Barum SnoVanis 2 195/70 R15 97T   ";Зима;Легкогрузовой;195;70;15;T;97;;;8;1091;1178;87;04.01.2016;"Вито шина (ПП Пальонка В. В.)"
Barum;"SnoVanis 2";"Barum SnoVanis 2 195/70 R15 97T   ";Зима;Легкогрузовой;195;70;15;T;97;;;2;1117.95;1117.95;66;04.01.2016;"WESTSHYNA +"
Barum;"SnoVanis 2";"Barum SnoVanis 2 195/70 R15C 104/102R   ";Зима;Легкогрузовой;195;70;15;;104;;;6;1400;1400;411;04.01.2016;"ЧП Семеха"
Barum;"SnoVanis 2";"Barum SnoVanis 2 195/70 R15C 104/102R   ";Зима;Легкогрузовой;195;70;15;;104;;;2;1375;1375;20;31.12.2015;"ЧП Сергеев"
Barum;"SnoVanis 2";"Barum SnoVanis 2 195/70 R15    ";Зима;Легкогрузовой;195;70;15;;;;;8;1330;1330;66;29.12.2015;ТОП-СЕРВИС
Barum;"SnoVanis 2";"Barum SnoVanis 2 195/70 R15 97T RF  ";Зима;Легкогрузовой;195;70;15;T;97;;;20;1116.75;1172.75;289;04.01.2016;"ООО ""Шинная Компания"""
Barum;"SnoVanis 2";"Barum SnoVanis 2 195/70 R15 97T RF  ";Зима;Легкогрузовой;195;70;15;T;97;;;4;1163;1198;282;04.01.2016;"ООО ""МТС"""
Barum;"SnoVanis 2";"Barum SnoVanis 2 195/70 R15 97T RF  ";Зима;Легкогрузовой;195;70;15;T;97;;;19;1080;1080;32;04.01.2016;"ЧП Манойло (Два Cезона)"
Barum;"SnoVanis 2";"Barum SnoVanis 2 195/70 R15 97T RF  ";Зима;Легкогрузовой;195;70;15;T;97;;;11;1146.07;1146.07;10;31.12.2015;"ЧП Снегов"
Barum;"SnoVanis 2";"Barum SnoVanis 2 195/70 R15 97T RF  ";Зима;Легкогрузовой;195;70;15;T;97;;;10;1096.5;1096.5;285;28.12.2015;"Express Trading LTD"
Barum;"SnoVanis 2";"Barum SnoVanis 2 195/75 R16C 107/105R   ";Зима;Легкогрузовой;195;75;16;;107;;;2;1542;1542;88;04.01.2016;"WESTSHYNA +"
Barum;"SnoVanis 2";"Barum SnoVanis 2 195/75 R16 16С   ";Зима;Легкогрузовой;195;75;16;С;16;;;4;1572;1572;2166;04.01.2016;Шипшина
Barum;"SnoVanis 2";"Barum SnoVanis 2 195/75 R16C 107/105R   ";Зима;Легкогрузовой;195;75;16;;107;;;4;1524;1524;72;04.01.2016;"ООО «Колесо-Центр»"
Barum;"SnoVanis 2";"Barum SnoVanis 2 195/80 R14C 106/104Q   ";Зима;Легкогрузовой;195;80;14;;106;;;8;1590.75;1669.75;318;04.01.2016;"ООО ""Шинная Компания"""
Barum;"SnoVanis 2";"Barum SnoVanis 2 195/80 R14C 106/104Q   ";Зима;Легкогрузовой;195;80;14;;106;;;6;419;419;402;04.01.2016;"ЧП Семеха"
Barum;"SnoVanis 2";"Barum SnoVanis 2 195/80 R14C 106/104Q   ";Зима;Легкогрузовой;195;80;14;;106;;;25;1551.15;1551.15;8;31.12.2015;"ЧП Снегов"
Barum;"SnoVanis 2";"Barum SnoVanis 2 205/65 R16C 107/105T   ";Зима;Легкогрузовой;205;65;16;;107;;;2;2133;2133;60;04.01.2016;Z-Shina
Barum;"SnoVanis 2";"Barum SnoVanis 2 205/65 R16C 107/105T   ";Зима;Легкогрузовой;205;65;16;;107;;;14;2059.05;2162.25;395;04.01.2016;"ООО ""Шинная Компания"""
Barum;"SnoVanis 2";"Barum SnoVanis 2 205/65 R16    ";Зима;Легкогрузовой;205;65;16;;;;;12;1883;1883;115;29.12.2015;ТОП-СЕРВИС
Barum;"SnoVanis 2";"Barum SnoVanis 2 205/65 R16C 35/15   ";Зима;Легкогрузовой;205;65;16;;35;;;10;1847;1847;152;29.12.2015;"ЧП Бардась"
Barum;"SnoVanis 2";"Barum SnoVanis 2 205/65 R16C 107/105T   ";Зима;Легкогрузовой;205;65;16;;107;;;1;1968.14;1968.14;14;31.12.2015;"ЧП Снегов"
Barum;"SnoVanis 2";"Barum SnoVanis 2 205/65 R16 16С   ";Зима;Легкогрузовой;205;65;16;С;16;;;4;2003;2003;2872;04.01.2016;Шипшина
Barum;"SnoVanis 2";"Barum SnoVanis 2 205/65 R16C 107/105   ";Зима;Легкогрузовой;205;65;16;;107;;;4;1800;1800;33;29.12.2015;"ЧП Стародубов"
Barum;"SnoVanis 2";"Barum SnoVanis 2 205/70 R15C 106/104R   ";Зима;Легкогрузовой;205;70;15;;106;;;4;1651.64;1651.64;80;04.01.2016;"ООО «Колесо-Центр»"
Barum;"SnoVanis 2";"Barum SnoVanis 2 205/75 R16C 110/108R   ";Зима;Легкогрузовой;205;75;16;;110;;;2;1917.25;2013.25;418;04.01.2016;"ООО ""Шинная Компания"""
Barum;"SnoVanis 2";"Barum SnoVanis 2 205/75 R16C 19/15   ";Зима;Легкогрузовой;205;75;16;;19;;;9;1746;1746;160;29.12.2015;"ЧП Бардась"
Barum;"SnoVanis 2";"Barum SnoVanis 2 205/75 R16C 110/108R   ";Зима;Легкогрузовой;205;75;16;;110;;;18;1847.96;1847.96;16;31.12.2015;"ЧП Снегов"
Barum;"SnoVanis 2";"Barum SnoVanis 2 215/65 R16 16С   ";Зима;Легкогрузовой;215;65;16;С;16;;;2;2146;2146;3718;04.01.2016;Шипшина
Barum;"SnoVanis 2";"Barum SnoVanis 2 215/65 R16C 109/107R   ";Зима;Легкогрузовой;215;65;16;;109;;;4;2001.75;2001.75;88;04.01.2016;"ООО «Колесо-Центр»"
Barum;"SnoVanis 2";"Barum SnoVanis 2 215/70 R15C 109/107R   ";Зима;Легкогрузовой;215;70;15;;109;;;4;1990.62;2089.62;531;04.01.2016;"ООО ""Шинная Компания"""
Barum;"SnoVanis 2";"Barum SnoVanis 2 215/70 R15C 26/14   ";Зима;Легкогрузовой;215;70;15;;26;;;2;1935;1935;67;29.12.2015;"ЧП Бардась"
Barum;"SnoVanis 2";"Barum SnoVanis 2 215/75 R16C 113/111R   ";Зима;Легкогрузовой;215;75;16;;113;;;2;2451.12;2574.12;546;04.01.2016;"ООО ""Шинная Компания"""
Barum;"SnoVanis 2";"Barum SnoVanis 2 215/75 R16    ";Зима;Легкогрузовой;215;75;16;;;;;4;2234;2234;124;29.12.2015;ТОП-СЕРВИС
Barum;"SnoVanis 2";"Barum SnoVanis 2 215/75 R16C 37/15   ";Зима;Легкогрузовой;215;75;16;;37;;;4;2188;2188;173;29.12.2015;"ЧП Бардась"
Barum;"SnoVanis 2";"Barum SnoVanis 2 225/65 R16C 112/124M   ";Зима;Легкогрузовой;225;65;16;;112;;;6;2474.87;2598.87;642;04.01.2016;"ООО ""Шинная Компания"""
Barum;"SnoVanis 2";"Barum SnoVanis 2 225/65 R16C 38/15   ";Зима;Легкогрузовой;225;65;16;;38;;;8;2163;2163;178;29.12.2015;"ЧП Бардась"
Barum;"SnoVanis 2";"Barum SnoVanis 2 225/65 R16 16С   ";Зима;Легкогрузовой;225;65;16;С;16;;;1;2439;2439;4619;04.01.2016;Шипшина
Barum;"SnoVanis 2";"Barum SnoVanis 2 225/70 R15C 112/110R   ";Зима;Легкогрузовой;225;70;15;;112;;;8;1864;1920;330;04.01.2016;"ООО ""МТС"""
Barum;"SnoVanis 2";"Barum SnoVanis 2 225/70 R15C 112/110R   ";Зима;Легкогрузовой;225;70;15;;112;;;2;1795;1920;97;04.01.2016;"Вито шина (ПП Пальонка В. В.)"
Barum;"SnoVanis 2";"Barum SnoVanis 2 225/70 R15C 112/110R   ";Зима;Легкогрузовой;225;70;15;;112;;;2;437;437;419;04.01.2016;"ЧП Семеха"
Barum;"SnoVanis 2";"Barum SnoVanis 2 225/70 R15C 112/110R   ";Зима;Легкогрузовой;225;70;15;;112;;;4;1750;1750;57;04.01.2016;"ЧП Манойло (Два Cезона)"
Barum;"SnoVanis 2";"Barum SnoVanis 2 225/70 R15C 112/110R   ";Зима;Легкогрузовой;225;70;15;;112;;;1;1871.28;1871.28;12;31.12.2015;"ЧП Снегов"
Barum;"SnoVanis 2";"Barum SnoVanis 2 225/70 R15C 112/110R   ";Зима;Легкогрузовой;225;70;15;;112;;;8;1734;1734;102;04.01.2016;"ООО «Колесо-Центр»"
Barum;"SnoVanis 2";"Barum SnoVanis 2 235/65 R16C 115/113R   ";Зима;Легкогрузовой;235;65;16;;115;;;2;2825.62;2966.62;733;04.01.2016;"ООО ""Шинная Компания"""
Barum;SnoVanis;"Barum SnoVanis 225/65 R16C 112/110R   ";Зима;Легкогрузовой;225;65;16;;112;;;12;86;86;368;04.01.2016;"ЧП Демьяненко"
Barum;Vanis;"Barum Vanis 185 R15C 103/102R   ";Лето;Легкогрузовой;185;;15;;103;;;6;1203.52;1299.82;518;28.12.2015;Элит
Barum;"Vanis 2";"Barum Vanis 2 185/80 R14C 102/100Q   ";Лето;Легкогрузовой;185;80;14;;102;;;6;1198.91;1258.45;1025;04.01.2016;"ООО ""Шинная Компания"""
Barum;"Vanis 2";"Barum Vanis 2 195/65 R16C 12/15   ";Лето;Легкогрузовой;195;65;16;;12;;;6;1619;1619;285;29.12.2015;"ЧП Бардась"
Barum;"Vanis 2";"Barum Vanis 2 195/80 R14C 106/104Q   ";Лето;Легкогрузовой;195;80;14;;106;;;6;1487.73;1561.36;1051;04.01.2016;"ООО ""Шинная Компания"""
Barum;"Vanis 2";"Barum Vanis 2 195/80 R14 14С   ";Лето;Легкогрузовой;195;80;14;С;14;;;8;1499;1499;2186;04.01.2016;Шипшина
Barum;"Vanis 2";"Barum Vanis 2 205/70 R15C 106/104R   ";Лето;Легкогрузовой;205;70;15;;106;;;2;1600.09;1680.55;1082;04.01.2016;"ООО ""Шинная Компания"""
Barum;"Vanis 2";"Barum Vanis 2 205/75 R16C 110/108R   ";Лето;Легкогрузовой;205;75;16;;110;;;2;72;72;108;04.01.2016;"ЧП Карпов"
Barum;"Vanis 2";"Barum Vanis 2 205/75 R16C 110/108R   ";Лето;Легкогрузовой;205;75;16;;110;;;12;1972.55;2070.27;1086;04.01.2016;"ООО ""Шинная Компания"""
Barum;"Vanis 2";"Barum Vanis 2 205/75 R16C 07/15   ";Лето;Легкогрузовой;205;75;16;;07;;;4;1771;1771;302;29.12.2015;"ЧП Бардась"
Barum;"Vanis 2";"Barum Vanis 2 205/75 R16 16С   ";Лето;Легкогрузовой;205;75;16;С;16;;;3;1860;1860;2994;04.01.2016;Шипшина
Barum;"Vanis 2";"Barum Vanis 2 215/65 R16C 109/107R   ";Лето;Легкогрузовой;215;65;16;;109;;;1;1569.82;1648.35;275;28.12.2015;Элит
Barum;"Vanis 2";"Barum Vanis 2 215/70 R15C 109/107R   ";Лето;Легкогрузовой;215;70;15;;109;;;4;1928.27;2024.64;1112;04.01.2016;"ООО ""Шинная Компания"""
Barum;"Vanis 2";"Barum Vanis 2 215/70 R15C 11/15   ";Лето;Легкогрузовой;215;70;15;;11;;;4;1796;1796;278;29.12.2015;"ЧП Бардась"
Barum;"Vanis 2";"Barum Vanis 2 225/65 R16C 112/110R   ";Лето;Легкогрузовой;225;65;16;;112;;;4;2274.82;2387.91;1146;04.01.2016;"ООО ""Шинная Компания"""
Barum;"Vanis 2";"Barum Vanis 2 225/65 R16C 05/15   ";Лето;Легкогрузовой;225;65;16;;05;;;2;2151;2151;321;29.12.2015;"ЧП Бардась"
Barum;"Vanis 2";"Barum Vanis 2 225/65 R16 16С   ";Лето;Легкогрузовой;225;65;16;С;16;;;2;2253;2253;4608;04.01.2016;Шипшина
Barum;"Vanis 2";"Barum Vanis 2 235/65 R16C 115/113R   ";Лето;Легкогрузовой;235;65;16;;115;;;6;2467.55;2590.27;1186;04.01.2016;"ООО ""Шинная Компания"""
Barum;"Vanis 2";"Barum Vanis 2 235/65 R16C 45/14   ";Лето;Легкогрузовой;235;65;16;;45;;;4;2353;2353;329;29.12.2015;"ЧП Бардась"
Barum;Vanis;"Barum Vanis 215/75 R16C 113/111R   ";Лето;Легкогрузовой;215;75;16;;113;;;4;2377;2377;1003;28.12.2015;"ООО ""Шинные технологии"""
Barum;Vanis;"Barum Vanis 225/65 R16C 112/110R   ";Лето;Легкогрузовой;225;65;16;;112;;;2;3241;3241;1011;28.12.2015;"ООО ""Шинные технологии"""
Barum;Vanis;"Barum Vanis 225/75 R16C 121/120R   ";Лето;Легкогрузовой;225;75;16;;121;;;1;2599.45;2729.73;1158;04.01.2016;"ООО ""Шинная Компания"""
Barum;Vanis;"Barum Vanis 225/75 R16C 46/14   ";Лето;Легкогрузовой;225;75;16;;46;;;2;2530;2530;324;29.12.2015;"ЧП Бардась"
